Order ID,Anonymized Email,Anonymized IP,ZIP Code,Order Date
173135,m********@yahoo.com,75.148.42.xxx,5008,2021-04-01T00:00:57
173270,j*****@hotmail.com,83.182.125.xxx,7144,2021-04-01T04:27:18
173472,t*********@hotmail.com,193.147.134.xxx,4459,2021-04-01T08:09:39
173614,b*****************@yahoo.com,25.141.152.xxx,4654,2021-04-01T09:28:49
173748,r*******@yahoo.com,76.106.205.xxx,9621,2021-04-01T11:04:37
173798,s********@hotmail.com,52.43.52.xxx,8480,2021-04-01T13:49:41
173976,m*******@yahoo.com,44.129.33.xxx,6777,2021-04-01T19:36:34
174203,i******@gmail.com,204.242.12.xxx,5805,2021-04-02T04:27:58
174498,h*******@gmail.com,126.173.210.xxx,1932,2021-04-02T10:25:42
174724,j********@hotmail.com,143.176.46.xxx,4649,2021-04-02T13:01:46
175006,j******@hotmail.com,175.4.231.xxx,1599,2021-04-02T17:03:31
175249,c********@hotmail.com,168.29.11.xxx,6780,2021-04-02T20:07:32
175497,m**********@gmail.com,108.170.207.xxx,5129,2021-04-02T20:33:52
175694,r********@gmail.com,204.177.31.xxx,2664,2021-04-03T01:07:08
175969,s****@yahoo.com,185.60.184.xxx,9949,2021-04-03T02:29:40
176226,b*************@yahoo.com,194.17.88.xxx,9635,2021-04-03T06:26:07
176524,r******@hotmail.com,162.64.117.xxx,5602,2021-04-03T09:06:38
176590,f******************@gmail.com,214.66.2.xxx,2991,2021-04-03T12:18:17
176650,m**********@gmail.com,9.219.84.xxx,5129,2021-04-03T16:25:01
176936,s*******@gmail.com,39.225.64.xxx,9152,2021-04-03T19:44:42
177016,a*****@gmail.com,144.77.77.xxx,9482,2021-04-03T21:57:57
177034,m*******@yahoo.com,44.129.33.xxx,6777,2021-04-03T23:14:56
177149,r********@gmail.com,204.177.31.xxx,2664,2021-04-03T23:45:58
177165,m*********@hotmail.com,9.129.214.xxx,9934,2021-04-04T03:55:51
177363,e**********@yahoo.com,75.244.209.xxx,3470,2021-04-04T13:59:59
177483,m*********@hotmail.com,161.202.178.xxx,9934,2021-04-04T14:32:27
177631,b********@gmail.com,189.154.135.xxx,6543,2021-04-04T15:15:40
177655,d********@gmail.com,38.75.46.xxx,1390,2021-04-04T16:00:08
177719,s*******@gmail.com,39.225.64.xxx,9152,2021-04-04T18:50:36
177858,o********@hotmail.com,121.222.214.xxx,4847,2021-04-05T00:18:53
177921,p****@hotmail.com,150.62.62.xxx,8133,2021-04-05T00:31:56
178164,a********@yahoo.com,42.98.169.xxx,5827,2021-04-05T03:37:10
178347,r*******@yahoo.com,76.106.205.xxx,9621,2021-04-05T06:23:28
178364,m********@yahoo.com,124.112.121.xxx,8836,2021-04-05T08:57:35
178533,m**********@gmail.com,108.170.207.xxx,5129,2021-04-05T13:11:44
178741,h********@gmail.com,37.207.165.xxx,5552,2021-04-05T14:03:45
178983,p********@yahoo.com,51.80.252.xxx,8406,2021-04-05T14:23:07
179222,b************@gmail.com,154.117.79.xxx,6487,2021-04-05T15:32:54
179413,f***********@hotmail.com,83.190.179.xxx,9893,2021-04-05T17:34:27
179529,a**********@hotmail.com,45.139.90.xxx,1809,2021-04-05T19:38:38
179686,n*****@hotmail.com,3.31.98.xxx,9280,2021-04-05T21:05:40
179924,a***********@yahoo.com,151.67.68.xxx,4236,2021-04-05T22:57:06
180189,b********@gmail.com,189.154.135.xxx,6543,2021-04-06T01:58:25
180298,n*******@gmail.com,152.121.233.xxx,5609,2021-04-06T04:58:20
180536,k***********@gmail.com,95.87.123.xxx,2046,2021-04-06T05:50:43
180537,f******@yahoo.com,61.17.20.xxx,8389,2021-04-06T05:50:43
180839,m**********@gmail.com,55.250.10.xxx,4684,2021-04-06T07:34:35
180978,t******@hotmail.com,123.178.200.xxx,2962,2021-04-06T09:28:17
181142,k**********@hotmail.com,24.36.84.xxx,7836,2021-04-06T09:32:03
181435,s*******@gmail.com,39.225.64.xxx,9152,2021-04-06T12:14:48
181556,h*****@yahoo.com,75.15.163.xxx,3572,2021-04-06T16:38:32
181842,z*****@hotmail.com,191.242.81.xxx,6840,2021-04-06T17:05:19
181951,a*********@gmail.com,9.187.179.xxx,3701,2021-04-06T17:17:04
182063,s********@hotmail.com,69.194.186.xxx,8480,2021-04-06T19:37:30
182355,d************@gmail.com,84.195.231.xxx,8545,2021-04-06T20:25:13
182485,c*****@gmail.com,107.141.199.xxx,2307,2021-04-07T00:06:40
182656,a*******@gmail.com,79.136.233.xxx,3565,2021-04-07T08:42:55
182701,j************@gmail.com,134.123.45.xxx,4143,2021-04-07T09:55:14
182925,l****************@gmail.com,79.101.130.xxx,9143,2021-04-07T11:56:12
183065,a**********@hotmail.com,102.169.210.xxx,1809,2021-04-07T14:07:58
183203,a*******@gmail.com,49.209.126.xxx,2547,2021-04-07T14:16:50
183442,s*******@yahoo.com,185.216.44.xxx,5605,2021-04-07T16:09:23
183695,b*************@yahoo.com,194.17.88.xxx,9635,2021-04-08T00:36:06
183848,g*****@gmail.com,128.125.249.xxx,7259,2021-04-08T02:44:53
183933,g**************@yahoo.com,198.226.78.xxx,5730,2021-04-08T02:57:48
184000,r********@gmail.com,204.177.31.xxx,2664,2021-04-08T04:47:53
184258,l***************@gmail.com,205.16.223.xxx,9622,2021-04-08T08:19:53
184394,h*********@gmail.com,3.118.51.xxx,1805,2021-04-08T09:46:58
184571,j********@hotmail.com,143.176.46.xxx,4649,2021-04-08T11:10:59
184606,s*****@hotmail.com,51.151.6.xxx,7347,2021-04-08T11:59:08
184656,g**************@yahoo.com,198.226.78.xxx,5730,2021-04-08T13:20:33
184807,b********@gmail.com,189.154.135.xxx,6543,2021-04-08T19:27:43
184909,l********@hotmail.com,152.150.196.xxx,4203,2021-04-08T19:50:16
185026,x****@hotmail.com,93.180.122.xxx,5435,2021-04-08T19:54:34
185319,n******@hotmail.com,122.53.69.xxx,8206,2021-04-08T20:54:23
185416,c*************@yahoo.com,222.242.221.xxx,2186,2021-04-09T02:55:18
185599,t******@hotmail.com,5.173.227.xxx,2962,2021-04-09T04:53:09
185854,p*****@gmail.com,46.247.180.xxx,7075,2021-04-09T05:37:27
185883,f******@yahoo.com,43.185.68.xxx,8389,2021-04-09T10:44:51
186140,i****@yahoo.com,97.124.194.xxx,2317,2021-04-09T10:54:41
186151,f******@yahoo.com,61.17.20.xxx,8389,2021-04-09T14:05:01
186385,z****@hotmail.com,175.248.93.xxx,2318,2021-04-09T19:41:19
186536,r**********@gmail.com,128.213.249.xxx,6063,2021-04-09T20:24:31
186828,m*******@yahoo.com,134.68.131.xxx,2962,2021-04-09T21:33:26
187084,l****@hotmail.com,53.249.173.xxx,8331,2021-04-10T00:56:35
187279,m*********@hotmail.com,9.129.214.xxx,9934,2021-04-10T02:03:14
187314,v*********@hotmail.com,169.201.87.xxx,9112,2021-04-10T03:39:46
187467,y******@gmail.com,85.254.128.xxx,7341,2021-04-10T10:06:36
187618,j********@hotmail.com,143.176.46.xxx,4649,2021-04-10T11:10:43
187653,l************@gmail.com,15.101.145.xxx,2518,2021-04-10T12:28:42
187738,l*****@hotmail.com,190.90.164.xxx,4878,2021-04-10T12:50:34
187892,q**********@yahoo.com,57.230.124.xxx,6975,2021-04-10T16:25:43
187951,m********@yahoo.com,204.213.132.xxx,8836,2021-04-10T22:51:39
188085,j*****@hotmail.com,144.240.99.xxx,7144,2021-04-11T00:36:47
188255,o******@yahoo.com,45.144.20.xxx,7607,2021-04-11T02:21:46
188460,d********@gmail.com,38.75.46.xxx,1390,2021-04-11T05:17:31
188678,p*****@gmail.com,46.247.180.xxx,7075,2021-04-11T05:27:28
188963,m**********@gmail.com,55.250.10.xxx,4684,2021-04-11T05:42:12
189212,m********@yahoo.com,204.213.132.xxx,8836,2021-04-11T11:37:20
189411,o******@yahoo.com,45.144.20.xxx,7607,2021-04-11T12:16:17
189605,z*****@hotmail.com,191.242.81.xxx,6840,2021-04-11T13:29:33
189674,r********@gmail.com,204.177.31.xxx,2664,2021-04-11T13:42:54
189931,y*****@yahoo.com,106.244.187.xxx,5552,2021-04-11T17:59:35
190088,i****@hotmail.com,67.36.82.xxx,9392,2021-04-11T19:34:04
190256,p*****@gmail.com,32.202.207.xxx,7075,2021-04-11T23:27:21
190306,c********@hotmail.com,168.29.11.xxx,6780,2021-04-12T00:23:32
190331,l***************@gmail.com,72.60.22.xxx,9622,2021-04-12T00:56:37
190501,g*******@yahoo.com,87.161.113.xxx,6895,2021-04-12T01:34:59
190576,b********@gmail.com,189.154.135.xxx,6543,2021-04-12T02:55:20
190789,m*******@yahoo.com,215.240.122.xxx,2962,2021-04-12T04:24:52
190827,l********@hotmail.com,152.150.196.xxx,4203,2021-04-12T05:41:56
190931,b*************@yahoo.com,194.17.88.xxx,9635,2021-04-12T07:08:21
190977,m*******@yahoo.com,80.115.185.xxx,5361,2021-04-12T09:45:11
191242,a***************@yahoo.com,6.33.115.xxx,5897,2021-04-12T13:09:34
191393,d******@gmail.com,110.84.187.xxx,8775,2021-04-12T15:57:27
191458,d***********@yahoo.com,83.149.97.xxx,4922,2021-04-12T21:19:25
191726,h*********@yahoo.com,213.104.212.xxx,8729,2021-04-13T01:35:07
191894,g*********@gmail.com,179.64.212.xxx,9273,2021-04-13T07:08:25
191946,c********@hotmail.com,168.243.168.xxx,6780,2021-04-13T10:09:42
192058,c*****@gmail.com,107.141.199.xxx,2307,2021-04-13T12:08:00
192160,z****@hotmail.com,175.248.93.xxx,2318,2021-04-13T14:11:19
192406,k******@gmail.com,201.200.225.xxx,6871,2021-04-13T15:40:35
192512,b*****************@yahoo.com,25.141.152.xxx,4654,2021-04-13T19:02:50
192628,u********@yahoo.com,130.240.185.xxx,3428,2021-04-13T20:31:47
192812,s***@yahoo.com,125.112.56.xxx,9923,2021-04-13T21:06:01
193020,g**********@gmail.com,202.251.182.xxx,1863,2021-04-13T21:40:40
193097,p********@yahoo.com,98.186.251.xxx,8406,2021-04-14T01:08:22
193115,s********@yahoo.com,19.83.227.xxx,8432,2021-04-14T02:24:02
193313,j************@gmail.com,150.216.52.xxx,4143,2021-04-14T04:10:52
193601,m********@yahoo.com,204.213.132.xxx,8836,2021-04-14T06:50:10
193656,r*******@yahoo.com,76.106.205.xxx,9621,2021-04-14T09:00:40
193766,p********@yahoo.com,98.186.251.xxx,8406,2021-04-14T11:44:49
193878,w**********@hotmail.com,130.33.69.xxx,9510,2021-04-14T13:19:11
193904,d*******@hotmail.com,113.245.214.xxx,2801,2021-04-14T13:33:34
194142,z*****@hotmail.com,191.242.81.xxx,6840,2021-04-14T14:33:17
194376,l********************@gmail.com,112.57.54.xxx,9294,2021-04-14T21:59:23
194381,l****************@gmail.com,79.101.130.xxx,9143,2021-04-15T02:31:52
194538,h****************@hotmail.com,175.26.165.xxx,8502,2021-04-15T04:56:48
194786,g****@gmail.com,117.100.35.xxx,4482,2021-04-15T05:31:05
194798,d*******@hotmail.com,113.245.214.xxx,2801,2021-04-15T05:32:39
195014,i******@gmail.com,204.242.12.xxx,5805,2021-04-15T06:05:22
195231,j********@hotmail.com,181.56.92.xxx,6137,2021-04-15T06:44:57
195383,l****************@gmail.com,79.101.130.xxx,9143,2021-04-15T07:11:17
195447,a***********@yahoo.com,151.67.68.xxx,4236,2021-04-15T08:06:38
195745,h**************@yahoo.com,96.105.177.xxx,4628,2021-04-15T08:38:03
195883,o*****@hotmail.com,84.18.197.xxx,4009,2021-04-15T09:54:11
196040,n*****@yahoo.com,52.40.45.xxx,2272,2021-04-15T14:13:21
196148,y******@gmail.com,85.254.128.xxx,7341,2021-04-15T14:16:58
196304,e**********@yahoo.com,87.190.158.xxx,3470,2021-04-15T15:45:20
196565,l********************@gmail.com,18.94.151.xxx,9294,2021-04-15T17:52:28
196784,m*******@hotmail.com,160.30.195.xxx,4009,2021-04-15T18:27:01
197054,d************@gmail.com,85.68.203.xxx,8545,2021-04-15T19:07:14
197354,h*********@yahoo.com,213.104.212.xxx,8729,2021-04-15T19:51:34
197527,m**********@gmail.com,55.250.10.xxx,4684,2021-04-15T22:46:44
197700,c**********@hotmail.com,108.81.17.xxx,6916,2021-04-15T23:32:59
197834,x****@hotmail.com,93.180.122.xxx,5435,2021-04-16T05:01:56
198023,m**********@yahoo.com,209.46.97.xxx,1064,2021-04-16T06:31:35
198165,m********@yahoo.com,204.213.132.xxx,8836,2021-04-16T09:39:25
198211,i****@yahoo.com,97.124.194.xxx,2317,2021-04-16T15:04:35
198238,c************@hotmail.com,35.251.215.xxx,1948,2021-04-16T15:58:06
198371,j******@hotmail.com,175.4.231.xxx,1599,2021-04-16T17:20:58
198545,k********@yahoo.com,74.68.140.xxx,9828,2021-04-16T22:54:11
198648,k************@yahoo.com,188.123.2.xxx,6995,2021-04-17T00:37:59
198928,s*******@hotmail.com,172.131.255.xxx,2462,2021-04-17T00:50:49
199059,d*****@yahoo.com,141.224.124.xxx,2033,2021-04-17T01:00:34
199071,z*****@hotmail.com,191.242.81.xxx,6840,2021-04-17T10:39:34
199292,d***********@yahoo.com,83.149.97.xxx,4922,2021-04-17T10:46:36
199432,m**********@yahoo.com,107.239.235.xxx,1064,2021-04-17T15:03:18
199443,m********@yahoo.com,10.142.46.xxx,5008,2021-04-17T18:07:27
199595,h**************@yahoo.com,96.105.177.xxx,4628,2021-04-17T23:28:58
199774,l***************@gmail.com,205.16.223.xxx,9622,2021-04-18T00:24:18
199795,i*********@gmail.com,70.202.185.xxx,3047,2021-04-18T00:46:42
200030,i****@hotmail.com,113.91.202.xxx,9392,2021-04-18T02:24:07
200122,y******@yahoo.com,129.196.178.xxx,4968,2021-04-18T03:49:32
200298,s***************@yahoo.com,142.130.191.xxx,2684,2021-04-18T04:57:42
200437,r**********@gmail.com,116.69.139.xxx,7781,2021-04-18T06:23:44
200568,m*************@gmail.com,165.97.156.xxx,6108,2021-04-18T11:17:24
200848,i**********@gmail.com,220.125.242.xxx,2054,2021-04-18T12:13:20
200890,l****@hotmail.com,53.249.173.xxx,8331,2021-04-18T13:05:14
200916,j*************@hotmail.com,58.75.131.xxx,1774,2021-04-18T14:13:48
201130,c********@hotmail.com,168.243.168.xxx,6780,2021-04-18T16:49:15
201388,s***@yahoo.com,125.112.56.xxx,9923,2021-04-18T18:39:12
201515,r**********@gmail.com,116.69.139.xxx,7781,2021-04-18T19:59:16
201753,s************@hotmail.com,149.82.114.xxx,9408,2021-04-19T00:21:36
201954,s*********@yahoo.com,22.172.70.xxx,4061,2021-04-19T09:14:13
201979,d*******@hotmail.com,113.245.214.xxx,2801,2021-04-19T09:16:57
202044,g****@gmail.com,117.100.35.xxx,4482,2021-04-19T11:46:06
202127,s**********@yahoo.com,207.9.81.xxx,4456,2021-04-19T12:07:08
202319,m***********@yahoo.com,100.20.197.xxx,1876,2021-04-19T12:26:04
202525,a*********@gmail.com,9.187.179.xxx,3701,2021-04-19T18:02:23
202656,d********@gmail.com,215.21.114.xxx,5844,2021-04-19T19:19:01
202736,t********@yahoo.com,42.184.74.xxx,1507,2021-04-19T20:40:22
203027,c*************@yahoo.com,222.242.221.xxx,2186,2021-04-19T20:58:11
203152,m********@yahoo.com,124.112.121.xxx,8836,2021-04-20T01:31:22
203158,j********@hotmail.com,181.56.92.xxx,6137,2021-04-20T03:00:37
203171,m**********@gmail.com,55.250.10.xxx,4684,2021-04-20T05:58:59
203353,s***@yahoo.com,80.114.203.xxx,9923,2021-04-20T12:42:05
203586,z*****@hotmail.com,191.242.81.xxx,6840,2021-04-20T15:27:02
203700,g**********@gmail.com,202.251.182.xxx,1863,2021-04-20T17:08:12
203942,t********@yahoo.com,42.184.74.xxx,1507,2021-04-21T03:29:54
203999,l********@gmail.com,114.39.5.xxx,8210,2021-04-21T05:05:08
204179,h*********@gmail.com,49.29.142.xxx,1805,2021-04-21T11:38:23
204330,c**********@hotmail.com,183.254.102.xxx,6916,2021-04-21T14:26:12
204384,a********@hotmail.com,95.162.175.xxx,1274,2021-04-21T15:34:57
204491,r**********@gmail.com,116.69.139.xxx,7781,2021-04-21T17:27:49
204620,z****@hotmail.com,175.248.93.xxx,2318,2021-04-21T21:44:24
204673,p********@yahoo.com,98.186.251.xxx,8406,2021-04-21T23:48:17
204887,c*****************@hotmail.com,87.140.56.xxx,8428,2021-04-21T23:59:37
205164,o******@yahoo.com,116.22.10.xxx,4094,2021-04-22T06:02:44
205193,h*********@gmail.com,3.118.51.xxx,1805,2021-04-22T07:57:27
205428,l********@gmail.com,114.39.5.xxx,8210,2021-04-22T15:38:36
205565,j********@hotmail.com,181.56.92.xxx,6137,2021-04-22T16:17:26
205755,q**********@yahoo.com,57.230.124.xxx,6975,2021-04-22T16:30:36
205912,d*****@yahoo.com,183.241.52.xxx,2033,2021-04-22T20:32:15
206001,t******@gmail.com,128.198.37.xxx,3303,2021-04-22T23:16:42
206281,y******@yahoo.com,199.158.38.xxx,4968,2021-04-23T00:43:31
206545,h*****@gmail.com,218.55.108.xxx,6754,2021-04-23T00:44:55
206834,j********@hotmail.com,181.56.92.xxx,6137,2021-04-23T00:46:59
207056,l************@gmail.com,15.101.145.xxx,2518,2021-04-23T09:34:21
207119,a*******@gmail.com,49.209.126.xxx,2547,2021-04-23T11:32:49
207331,s****@yahoo.com,213.209.116.xxx,9949,2021-04-23T12:03:49
207385,e******************@gmail.com,64.225.82.xxx,3796,2021-04-23T12:15:53
207436,a**********@hotmail.com,45.139.90.xxx,1809,2021-04-23T12:32:52
207500,v*********@hotmail.com,169.201.87.xxx,9112,2021-04-23T14:24:11
207561,a**********@hotmail.com,170.254.105.xxx,1809,2021-04-23T15:09:12
207598,h********@gmail.com,37.207.165.xxx,5552,2021-04-23T17:04:17
207682,s*******@yahoo.com,141.190.221.xxx,6493,2021-04-23T19:41:49
207803,r*******@hotmail.com,222.40.18.xxx,3322,2021-04-23T19:43:06
208050,m*******@yahoo.com,108.77.27.xxx,5361,2021-04-23T20:35:43
208291,c****@gmail.com,93.45.13.xxx,7618,2021-04-23T22:05:18
208325,c***************@hotmail.com,41.224.159.xxx,7256,2021-04-23T23:36:25
208375,h*****@yahoo.com,75.15.163.xxx,3572,2021-04-24T01:56:18
208656,m***********@yahoo.com,11.70.73.xxx,7580,2021-04-24T04:36:52
208836,m**********@yahoo.com,64.156.37.xxx,1064,2021-04-24T06:32:32
208899,f***********@gmail.com,25.13.103.xxx,9171,2021-04-24T10:37:35
209040,m*******@yahoo.com,93.195.252.xxx,5361,2021-04-24T11:47:03
209051,m***********@yahoo.com,138.147.210.xxx,1522,2021-04-24T12:57:11
209056,s*******@hotmail.com,172.131.255.xxx,2462,2021-04-24T14:18:52
209326,t******@gmail.com,128.198.37.xxx,3303,2021-04-24T14:40:36
209456,a*****@yahoo.com,221.183.93.xxx,2408,2021-04-24T20:18:09
209724,n*****@yahoo.com,191.165.184.xxx,5274,2021-04-25T01:17:49
209743,s***@yahoo.com,80.114.203.xxx,9923,2021-04-25T02:08:58
209996,a********@yahoo.com,42.98.169.xxx,5827,2021-04-25T04:32:37
210201,d*********@hotmail.com,209.133.35.xxx,4876,2021-04-25T04:59:09
210368,a*******@gmail.com,49.209.126.xxx,2547,2021-04-25T07:32:36
210378,f***********@hotmail.com,176.111.125.xxx,9893,2021-04-25T08:30:57
210661,a*****@gmail.com,144.77.77.xxx,9482,2021-04-25T09:16:57
210769,k************@yahoo.com,188.123.2.xxx,6995,2021-04-25T10:34:28
210873,c*********@yahoo.com,169.213.101.xxx,6488,2021-04-25T17:59:34
211046,z****@hotmail.com,8.36.171.xxx,2318,2021-04-25T21:05:31
211164,l*****@hotmail.com,190.90.164.xxx,4878,2021-04-25T21:13:51
211383,d***********@yahoo.com,83.149.97.xxx,4922,2021-04-25T22:55:24
211427,y**********@gmail.com,1.140.232.xxx,8814,2021-04-26T03:12:24
211599,f*******@yahoo.com,179.234.37.xxx,5107,2021-04-26T06:11:23
211858,c*****@gmail.com,107.141.199.xxx,2307,2021-04-26T07:57:40
212102,a*****@gmail.com,147.60.44.xxx,9482,2021-04-26T10:06:44
212293,m*******@hotmail.com,166.67.136.xxx,4009,2021-04-26T10:16:05
212386,y******@yahoo.com,199.158.38.xxx,4968,2021-04-26T13:24:15
212569,d********@gmail.com,215.21.114.xxx,5844,2021-04-26T14:27:40
212678,o********@hotmail.com,121.222.214.xxx,4847,2021-04-26T16:22:10
212799,l************@gmail.com,45.111.193.xxx,2518,2021-04-26T20:49:10
213036,a**********@hotmail.com,44.250.134.xxx,8654,2021-04-26T21:35:59
213115,s********@yahoo.com,55.161.10.xxx,8432,2021-04-26T23:33:12
213394,y**********@gmail.com,1.140.232.xxx,8814,2021-04-27T06:36:58
213439,j********@hotmail.com,143.176.46.xxx,4649,2021-04-27T08:14:18
213488,j********@hotmail.com,181.56.92.xxx,6137,2021-04-27T08:18:00
213766,s**************@gmail.com,162.30.233.xxx,2765,2021-04-27T09:02:29
214066,h*****@gmail.com,24.113.123.xxx,6754,2021-04-27T12:58:18
214247,d*****@yahoo.com,183.241.52.xxx,2033,2021-04-27T13:16:17
214301,g**********@hotmail.com,143.137.4.xxx,9523,2021-04-27T14:44:29
214426,l***************@gmail.com,72.60.22.xxx,9622,2021-04-27T19:41:15
214449,j*******@yahoo.com,59.0.158.xxx,7879,2021-04-27T23:04:10
214504,l*********@yahoo.com,217.118.35.xxx,6627,2021-04-27T23:46:16
214626,a**********@hotmail.com,25.157.247.xxx,8654,2021-04-28T04:28:55
214729,e*********@hotmail.com,133.65.68.xxx,1813,2021-04-28T04:44:59
214855,y******@yahoo.com,199.158.38.xxx,4968,2021-04-28T12:33:49
214985,d***********@yahoo.com,12.87.6.xxx,4922,2021-04-28T15:33:11
215013,m**********@gmail.com,9.219.84.xxx,5129,2021-04-28T16:30:56
215192,e*********@gmail.com,11.94.12.xxx,9553,2021-04-28T19:10:16
215411,s********@yahoo.com,138.234.84.xxx,6601,2021-04-28T19:47:07
215561,k**********@hotmail.com,23.31.138.xxx,7836,2021-04-29T00:42:57
215679,m********@yahoo.com,204.213.132.xxx,8836,2021-04-29T02:49:49
215865,s********@hotmail.com,192.192.94.xxx,8480,2021-04-29T04:33:05
216102,r*******@yahoo.com,76.106.205.xxx,9621,2021-04-29T05:31:07
216236,n*********@yahoo.com,42.178.207.xxx,3247,2021-04-29T06:05:17
216343,c***********@hotmail.com,23.222.53.xxx,5365,2021-04-29T07:02:18
216356,k************@yahoo.com,188.123.2.xxx,6995,2021-04-29T10:09:07
216537,h**********@yahoo.com,117.102.102.xxx,9945,2021-04-29T10:33:48
216577,d*******@hotmail.com,113.245.214.xxx,2801,2021-04-29T10:50:38
216642,l****************@yahoo.com,70.240.166.xxx,9804,2021-04-29T11:47:41
216753,h********@gmail.com,37.207.165.xxx,5552,2021-04-29T14:15:32
216988,l*******@yahoo.com,42.243.136.xxx,2407,2021-04-29T15:19:31
217076,a*******@gmail.com,49.209.126.xxx,2547,2021-04-29T15:34:16
217250,l****@hotmail.com,53.249.173.xxx,8331,2021-04-29T15:35:42
217378,o*****@hotmail.com,219.3.99.xxx,4009,2021-04-29T17:08:18
217409,b*******@yahoo.com,163.29.7.xxx,2872,2021-04-29T22:00:04
217580,c*****************@hotmail.com,87.140.56.xxx,8428,2021-04-30T01:47:46
217618,f************@hotmail.com,143.31.49.xxx,4199,2021-04-30T04:17:53
217765,e*********@gmail.com,220.147.130.xxx,9553,2021-04-30T06:10:04
218038,o******@yahoo.com,205.102.47.xxx,7607,2021-04-30T07:25:09
218298,e*********@hotmail.com,133.65.68.xxx,1813,2021-04-30T15:24:22
218384,d***********@yahoo.com,67.136.64.xxx,4922,2021-04-30T17:16:36
218411,c****@gmail.com,80.169.38.xxx,7618,2021-04-30T22:18:31
